date,hw_name,status,duration_in_seconds,folding_summary,folding_diff,build_dir,resource_limits,Total LUTs,Logic LUTs,LUTRAMs,SRLs,FFs,BRAM (36k),DSP Blocks,estimated_throughput_fps,max_cycles_node_name
2025-04-26 08:55:58,t2w4_run1_20_BOTH,success,425.67,"{""Defaults"": {}, ""StreamingFIFO_rtl_0"": {}, ""FMPadding_rtl_0"": {""SIMD"": 1}, ""StreamingFIFO_rtl_1"": {}, ""ConvolutionInputGenerator_rtl_0"": {""SIMD"": 1, ""parallel_window"": 0}, ""StreamingFIFO_rtl_2"": {}, ""StreamingDataWidthConverter_rtl_0"": {}, ""StreamingFIFO_rtl_3"": {}, ""MVAU_hls_0"": {""PE"": 1, ""SIMD"": 3}, ""StreamingFIFO_rtl_4"": {}, ""FMPadding_rtl_1"": {""SIMD"": 1}, ""StreamingFIFO_rtl_5"": {}, ""ConvolutionInputGenerator_rtl_1"": {""SIMD"": 1, ""parallel_window"": 0}, ""StreamingFIFO_rtl_6"": {}, ""MVAU_hls_1"": {""PE"": 1, ""SIMD"": 2}, ""StreamingFIFO_rtl_7"": {}, ""FMPadding_rtl_2"": {""SIMD"": 1}, ""StreamingFIFO_rtl_8"": {}, ""ConvolutionInputGenerator_rtl_2"": {""SIMD"": 1, ""parallel_window"": 0}, ""StreamingFIFO_rtl_9"": {}, ""MVAU_hls_2"": {""PE"": 1, ""SIMD"": 1}, ""StreamingFIFO_rtl_10"": {}, ""FMPadding_rtl_3"": {""SIMD"": 1}, ""StreamingFIFO_rtl_11"": {}, ""ConvolutionInputGenerator_rtl_3"": {""SIMD"": 1, ""parallel_window"": 0}, ""StreamingFIFO_rtl_12"": {}, ""MVAU_hls_3"": {""PE"": 1, ""SIMD"": 1}, ""StreamingFIFO_rtl_13"": {}, ""MVAU_hls_4"": {""PE"": 1, ""SIMD"": 1}, ""StreamingFIFO_rtl_14"": {}, ""LabelSelect_hls_0"": {""PE"": 1}, ""StreamingFIFO_rtl_15"": {}}",{},/home/arthurely/Desktop/finn/hara/builds/run_2025-04-26_08-48-50/t2w4_run1_20_BOTH,"{""Total LUTs"": 10640.0, ""FFs"": 21280.0, ""BRAM (36k)"": 28.0, ""DSP Blocks"": 44.0}",4803,4253,190,360,4571,9.5,1,2034.50520833333,MVAU_hls_0
2025-04-26 09:03:05,t2w4_run2_20_BOTH,success,425.55,"{""Defaults"": {}, ""StreamingFIFO_rtl_0"": {}, ""FMPadding_rtl_0"": {""SIMD"": 1}, ""StreamingFIFO_rtl_1"": {}, ""ConvolutionInputGenerator_rtl_0"": {""SIMD"": 1, ""parallel_window"": 0}, ""StreamingFIFO_rtl_2"": {}, ""StreamingDataWidthConverter_rtl_0"": {}, ""StreamingFIFO_rtl_3"": {}, ""MVAU_hls_0"": {""PE"": 1, ""SIMD"": 4}, ""StreamingFIFO_rtl_4"": {}, ""FMPadding_rtl_1"": {""SIMD"": 1}, ""StreamingFIFO_rtl_5"": {}, ""ConvolutionInputGenerator_rtl_1"": {""SIMD"": 1, ""parallel_window"": 0}, ""StreamingFIFO_rtl_6"": {}, ""MVAU_hls_1"": {""PE"": 1, ""SIMD"": 2}, ""StreamingFIFO_rtl_7"": {}, ""FMPadding_rtl_2"": {""SIMD"": 1}, ""StreamingFIFO_rtl_8"": {}, ""ConvolutionInputGenerator_rtl_2"": {""SIMD"": 1, ""parallel_window"": 0}, ""StreamingFIFO_rtl_9"": {}, ""MVAU_hls_2"": {""PE"": 1, ""SIMD"": 1}, ""StreamingFIFO_rtl_10"": {}, ""FMPadding_rtl_3"": {""SIMD"": 1}, ""StreamingFIFO_rtl_11"": {}, ""ConvolutionInputGenerator_rtl_3"": {""SIMD"": 1, ""parallel_window"": 0}, ""StreamingFIFO_rtl_12"": {}, ""MVAU_hls_3"": {""PE"": 1, ""SIMD"": 1}, ""StreamingFIFO_rtl_13"": {}, ""MVAU_hls_4"": {""PE"": 1, ""SIMD"": 1}, ""StreamingFIFO_rtl_14"": {}, ""LabelSelect_hls_0"": {""PE"": 1}, ""StreamingFIFO_rtl_15"": {}}","{""MVAU_hls_0"": {""from"": {""PE"": 1, ""SIMD"": 3}, ""to"": {""PE"": 1, ""SIMD"": 4}}}",/home/arthurely/Desktop/finn/hara/builds/run_2025-04-26_08-48-50/t2w4_run2_20_BOTH,"{""Total LUTs"": 10640.0, ""FFs"": 21280.0, ""BRAM (36k)"": 28.0, ""DSP Blocks"": 44.0}",4777,4291,190,296,4701,11,1,2712.67361111111,MVAU_hls_0
2025-04-26 09:10:14,t2w4_run3_20_BOTH,success,426.88,"{""Defaults"": {}, ""StreamingFIFO_rtl_0"": {}, ""FMPadding_rtl_0"": {""SIMD"": 1}, ""StreamingFIFO_rtl_1"": {}, ""ConvolutionInputGenerator_rtl_0"": {""SIMD"": 1, ""parallel_window"": 0}, ""StreamingFIFO_rtl_2"": {}, ""StreamingDataWidthConverter_rtl_0"": {}, ""StreamingFIFO_rtl_3"": {}, ""MVAU_hls_0"": {""PE"": 1, ""SIMD"": 6}, ""StreamingFIFO_rtl_4"": {}, ""FMPadding_rtl_1"": {""SIMD"": 1}, ""StreamingFIFO_rtl_5"": {}, ""ConvolutionInputGenerator_rtl_1"": {""SIMD"": 1, ""parallel_window"": 0}, ""StreamingFIFO_rtl_6"": {}, ""MVAU_hls_1"": {""PE"": 1, ""SIMD"": 3}, ""StreamingFIFO_rtl_7"": {}, ""FMPadding_rtl_2"": {""SIMD"": 1}, ""StreamingFIFO_rtl_8"": {}, ""ConvolutionInputGenerator_rtl_2"": {""SIMD"": 1, ""parallel_window"": 0}, ""StreamingFIFO_rtl_9"": {}, ""MVAU_hls_2"": {""PE"": 1, ""SIMD"": 1}, ""StreamingFIFO_rtl_10"": {}, ""FMPadding_rtl_3"": {""SIMD"": 1}, ""StreamingFIFO_rtl_11"": {}, ""ConvolutionInputGenerator_rtl_3"": {""SIMD"": 1, ""parallel_window"": 0}, ""StreamingFIFO_rtl_12"": {}, ""MVAU_hls_3"": {""PE"": 1, ""SIMD"": 1}, ""StreamingFIFO_rtl_13"": {}, ""MVAU_hls_4"": {""PE"": 1, ""SIMD"": 1}, ""StreamingFIFO_rtl_14"": {}, ""LabelSelect_hls_0"": {""PE"": 1}, ""StreamingFIFO_rtl_15"": {}}","{""MVAU_hls_0"": {""from"": {""PE"": 1, ""SIMD"": 4}, ""to"": {""PE"": 1, ""SIMD"": 6}}, ""MVAU_hls_1"": {""from"": {""PE"": 1, ""SIMD"": 2}, ""to"": {""PE"": 1, ""SIMD"": 3}}}",/home/arthurely/Desktop/finn/hara/builds/run_2025-04-26_08-48-50/t2w4_run3_20_BOTH,"{""Total LUTs"": 10640.0, ""FFs"": 21280.0, ""BRAM (36k)"": 28.0, ""DSP Blocks"": 44.0}",5078,4448,190,440,4871,8.5,1,4069.01041666667,MVAU_hls_0
2025-04-26 09:17:25,t2w4_run4_20_BOTH,success,428.04,"{""Defaults"": {}, ""StreamingFIFO_rtl_0"": {}, ""FMPadding_rtl_0"": {""SIMD"": 1}, ""StreamingFIFO_rtl_1"": {}, ""ConvolutionInputGenerator_rtl_0"": {""SIMD"": 1, ""parallel_window"": 0}, ""StreamingFIFO_rtl_2"": {}, ""StreamingDataWidthConverter_rtl_0"": {}, ""StreamingFIFO_rtl_3"": {}, ""MVAU_hls_0"": {""PE"": 1, ""SIMD"": 9},5425.347222222223, ""FMPadding_rtl_1"": {""SIMD"": 1}, ""StreamingFIFO_rtl_5"": {}, ""ConvolutionInputGenerator_rtl_1"": {""SIMD"": 1, ""parallel_window"": 0}, ""StreamingFIFO_rtl_6"": {}, ""MVAU_hls_1"": {""PE"": 1, ""SIMD"": 4}, ""StreamingFIFO_rtl_7"": {}, ""FMPadding_rtl_2"": {""SIMD"": 1}, ""StreamingFIFO_rtl_8"": {}, ""ConvolutionInputGenerator_rtl_2"": {""SIMD"": 1, ""parallel_window"": 0}, ""StreamingFIFO_rtl_9"": {}, ""MVAU_hls_2"": {""PE"": 1, ""SIMD"": 1}, ""StreamingFIFO_rtl_10"": {}, ""FMPadding_rtl_3"": {""SIMD"": 1}, ""StreamingFIFO_rtl_11"": {}, ""ConvolutionInputGenerator_rtl_3"": {""SIMD"": 1, ""parallel_window"": 0}, ""StreamingFIFO_rtl_12"": {}, ""MVAU_hls_3"": {""PE"": 1, ""SIMD"": 1}, ""StreamingFIFO_rtl_13"": {}, ""MVAU_hls_4"": {""PE"": 1, ""SIMD"": 1}, ""StreamingFIFO_rtl_14"": {}, ""LabelSelect_hls_0"": {""PE"": 1}, ""StreamingFIFO_rtl_15"": {}}","{""MVAU_hls_0"": {""from"": {""PE"": 1, ""SIMD"": 6}, ""to"": {""PE"": 1, ""SIMD"": 9}}, ""MVAU_hls_1"": {""from"": {""PE"": 1, ""SIMD"": 3}, ""to"": {""PE"": 1, ""SIMD"": 4}}}",/home/arthurely/Desktop/finn/hara/builds/run_2025-04-26_08-48-50/t2w4_run4_20_BOTH,"{""Total LUTs"": 10640.0, ""FFs"": 21280.0, ""BRAM (36k)"": 28.0, ""DSP Blocks"": 44.0}",5232,4690,190,352,5265,7,1,5425.34722222222,MVAU_hls_1
2025-04-26 09:24:40,t2w4_run5_20_BOTH,success,432.56,"{""Defaults"": {}, ""StreamingFIFO_rtl_0"": {}, ""FMPadding_rtl_0"": {""SIMD"": 1}, ""StreamingFIFO_rtl_1"": {}, ""ConvolutionInputGenerator_rtl_0"": {""SIMD"": 1, ""parallel_window"": 0}, ""StreamingFIFO_rtl_2"": {}, ""StreamingDataWidthConverter_rtl_0"": {}, ""StreamingFIFO_rtl_3"": {}, ""MVAU_hls_0"": {""PE"": 1, ""SIMD"": 9}, ""StreamingFIFO_rtl_4"": {}, ""FMPadding_rtl_1"": {""SIMD"": 1}, ""StreamingFIFO_rtl_5"": {}, ""ConvolutionInputGenerator_rtl_1"": {""SIMD"": 1, ""parallel_window"": 0}, ""StreamingFIFO_rtl_6"": {}, ""MVAU_hls_1"": {""PE"": 1, ""SIMD"": 6}, ""StreamingFIFO_rtl_7"": {}, ""FMPadding_rtl_2"": {""SIMD"": 1}, ""StreamingFIFO_rtl_8"": {}, ""ConvolutionInputGenerator_rtl_2"": {""SIMD"": 1, ""parallel_window"": 0}, ""StreamingFIFO_rtl_9"": {}, ""MVAU_hls_2"": {""PE"": 1, ""SIMD"": 2}, ""StreamingFIFO_rtl_10"": {}, ""FMPadding_rtl_3"": {""SIMD"": 1}, ""StreamingFIFO_rtl_11"": {}, ""ConvolutionInputGenerator_rtl_3"": {""SIMD"": 1, ""parallel_window"": 0}, ""StreamingFIFO_rtl_12"": {}, ""MVAU_hls_3"": {""PE"": 1, ""SIMD"": 1}, ""StreamingFIFO_rtl_13"": {}, ""MVAU_hls_4"": {""PE"": 1, ""SIMD"": 1}, ""StreamingFIFO_rtl_14"": {}, ""LabelSelect_hls_0"": {""PE"": 1}, ""StreamingFIFO_rtl_15"": {}}","{""MVAU_hls_1"": {""from"": {""PE"": 1, ""SIMD"": 4}, ""to"": {""PE"": 1, ""SIMD"": 6}}, ""MVAU_hls_2"": {""from"": {""PE"": 1, ""SIMD"": 1}, ""to"": {""PE"": 1, ""SIMD"": 2}}}",/home/arthurely/Desktop/finn/hara/builds/run_2025-04-26_08-48-50/t2w4_run5_20_BOTH,"{""Total LUTs"": 10640.0, ""FFs"": 21280.0, ""BRAM (36k)"": 28.0, ""DSP Blocks"": 44.0}",5270,4704,190,376,5398,6.5,1,6103.515625,MVAU_hls_0
2025-04-26 09:31:56,t2w4_run6_20_BOTH,success,434.56,"{""Defaults"": {}, ""StreamingFIFO_rtl_0"": {}, ""FMPadding_rtl_0"": {""SIMD"": 1}, ""StreamingFIFO_rtl_1"": {}, ""ConvolutionInputGenerator_rtl_0"": {""SIMD"": 1, ""parallel_window"": 0}, ""StreamingFIFO_rtl_2"": {}, ""StreamingDataWidthConverter_rtl_0"": {}, ""StreamingFIFO_rtl_3"": {}, ""MVAU_hls_0"": {""PE"": 1, ""SIMD"": 12}, ""StreamingFIFO_rtl_4"": {}, ""FMPadding_rtl_1"": {""SIMD"": 1}, ""StreamingFIFO_rtl_5"": {}, ""ConvolutionInputGenerator_rtl_1"": {""SIMD"": 1, ""parallel_window"": 0}, ""StreamingFIFO_rtl_6"": {}, ""MVAU_hls_1"": {""PE"": 1, ""SIMD"": 6}, ""StreamingFIFO_rtl_7"": {}, ""FMPadding_rtl_2"": {""SIMD"": 1}, ""StreamingFIFO_rtl_8"": {}, ""ConvolutionInputGenerator_rtl_2"": {""SIMD"": 1, ""parallel_window"": 0}, ""StreamingFIFO_rtl_9"": {}, ""MVAU_hls_2"": {""PE"": 1, ""SIMD"": 2}, ""StreamingFIFO_rtl_10"": {}, ""FMPadding_rtl_3"": {""SIMD"": 1}, ""StreamingFIFO_rtl_11"": {}, ""ConvolutionInputGenerator_rtl_3"": {""SIMD"": 1, ""parallel_window"": 0}, ""StreamingFIFO_rtl_12"": {}, ""MVAU_hls_3"": {""PE"": 1, ""SIMD"": 1}, ""StreamingFIFO_rtl_13"": {}, ""MVAU_hls_4"": {""PE"": 1, ""SIMD"": 1}, ""StreamingFIFO_rtl_14"": {}, ""LabelSelect_hls_0"": {""PE"": 1}, ""StreamingFIFO_rtl_15"": {}}","{""MVAU_hls_0"": {""from"": {""PE"": 1, ""SIMD"": 9}, ""to"": {""PE"": 1, ""SIMD"": 12}}}",/home/arthurely/Desktop/finn/hara/builds/run_2025-04-26_08-48-50/t2w4_run6_20_BOTH,"{""Total LUTs"": 10640.0, ""FFs"": 21280.0, ""BRAM (36k)"": 28.0, ""DSP Blocks"": 44.0}",5494,4872,190,432,5571,6.5,1,8138.02083333333,MVAU_hls_0
2025-04-26 09:39:14,t2w4_run7_20_BOTH,success,435.37,"{""Defaults"": {}, ""StreamingFIFO_rtl_0"": {}, ""FMPadding_rtl_0"": {""SIMD"": 1}, ""StreamingFIFO_rtl_1"": {}, ""ConvolutionInputGenerator_rtl_0"": {""SIMD"": 1, ""parallel_window"": 0}, ""StreamingFIFO_rtl_2"": {}, ""StreamingDataWidthConverter_rtl_0"": {}, ""StreamingFIFO_rtl_3"": {}, ""MVAU_hls_0"": {""PE"": 1, ""SIMD"": 18}, ""StreamingFIFO_rtl_4"": {}, ""FMPadding_rtl_1"": {""SIMD"": 1}, ""StreamingFIFO_rtl_5"": {}, ""ConvolutionInputGenerator_rtl_1"": {""SIMD"": 1, ""parallel_window"": 0}, ""StreamingFIFO_rtl_6"": {}, ""MVAU_hls_1"": {""PE"": 1, ""SIMD"": 8}, ""StreamingFIFO_rtl_7"": {}, ""FMPadding_rtl_2"": {""SIMD"": 1}, ""StreamingFIFO_rtl_8"": {}, ""ConvolutionInputGenerator_rtl_2"": {""SIMD"": 1, ""parallel_window"": 0}, ""StreamingFIFO_rtl_9"": {}, ""MVAU_hls_2"": {""PE"": 1, ""SIMD"": 2}, ""StreamingFIFO_rtl_10"": {}, ""FMPadding_rtl_3"": {""SIMD"": 1}, ""StreamingFIFO_rtl_11"": {}, ""ConvolutionInputGenerator_rtl_3"": {""SIMD"": 1, ""parallel_window"": 0}, ""StreamingFIFO_rtl_12"": {}, ""MVAU_hls_3"": {""PE"": 1, ""SIMD"": 1}, ""StreamingFIFO_rtl_13"": {}, ""MVAU_hls_4"": {""PE"": 1, ""SIMD"": 1}, ""StreamingFIFO_rtl_14"": {}, ""LabelSelect_hls_0"": {""PE"": 1}, ""StreamingFIFO_rtl_15"": {}}","{""MVAU_hls_0"": {""from"": {""PE"": 1, ""SIMD"": 12}, ""to"": {""PE"": 1, ""SIMD"": 18}}, ""MVAU_hls_1"": {""from"": {""PE"": 1, ""SIMD"": 6}, ""to"": {""PE"": 1, ""SIMD"": 8}}}",/home/arthurely/Desktop/finn/hara/builds/run_2025-04-26_08-48-50/t2w4_run7_20_BOTH,"{""Total LUTs"": 10640.0, ""FFs"": 21280.0, ""BRAM (36k)"": 28.0, ""DSP Blocks"": 44.0}",5823,5273,190,360,6566,5.5,1,10162.6016260163,ConvolutionInputGenerator_rtl_1
2025-04-26 09:46:40,t2w4_run8_20_BOTH,success,444.06,"{""Defaults"": {}, ""StreamingFIFO_rtl_0"": {}, ""FMPadding_rtl_0"": {""SIMD"": 1}, ""StreamingFIFO_rtl_1"": {}, ""ConvolutionInputGenerator_rtl_0"": {""SIMD"": 1, ""parallel_window"": 0}, ""StreamingFIFO_rtl_2"": {}, ""StreamingDataWidthConverter_rtl_0"": {}, ""StreamingFIFO_rtl_3"": {}, ""MVAU_hls_0"": {""PE"": 1, ""SIMD"": 18}, ""StreamingFIFO_rtl_4"": {}, ""FMPadding_rtl_1"": {""SIMD"": 1}, ""StreamingFIFO_rtl_5"": {}, ""ConvolutionInputGenerator_rtl_1"": {""SIMD"": 2, ""parallel_window"": 0}, ""StreamingFIFO_rtl_6"": {}, ""MVAU_hls_1"": {""PE"": 1, ""SIMD"": 8}, ""StreamingFIFO_rtl_7"": {}, ""FMPadding_rtl_2"": {""SIMD"": 1}, ""StreamingFIFO_rtl_8"": {}, ""ConvolutionInputGenerator_rtl_2"": {""SIMD"": 1, ""parallel_window"": 0}, ""StreamingFIFO_rtl_9"": {}, ""MVAU_hls_2"": {""PE"": 1, ""SIMD"": 2}, ""StreamingFIFO_rtl_10"": {}, ""FMPadding_rtl_3"": {""SIMD"": 1}, ""StreamingFIFO_rtl_11"": {}, ""ConvolutionInputGenerator_rtl_3"": {""SIMD"": 1, ""parallel_window"": 0}, ""StreamingFIFO_rtl_12"": {}, ""MVAU_hls_3"": {""PE"": 1, ""SIMD"": 1}, ""StreamingFIFO_rtl_13"": {}, ""MVAU_hls_4"": {""PE"": 1, ""SIMD"": 1}, ""StreamingFIFO_rtl_14"": {}, ""LabelSelect_hls_0"": {""PE"": 1}, ""StreamingFIFO_rtl_15"": {}}","{""ConvolutionInputGenerator_rtl_1"": {""from"": {""SIMD"": 1, ""parallel_window"": 0}, ""to"": {""SIMD"": 2, ""parallel_window"": 0}}}",/home/arthurely/Desktop/finn/hara/builds/run_2025-04-26_08-48-50/t2w4_run8_20_BOTH,"{""Total LUTs"": 10640.0, ""FFs"": 21280.0, ""BRAM (36k)"": 28.0, ""DSP Blocks"": 44.0}",5878,5264,190,424,6575,5,1,10526.3157894737,ConvolutionInputGenerator_rtl_0
2025-04-26 09:54:25,t2w4_run9_20_BOTH,success,462.42,"{""Defaults"": {}, ""StreamingFIFO_rtl_0"": {}, ""FMPadding_rtl_0"": {""SIMD"": 1}, ""StreamingFIFO_rtl_1"": {}, ""ConvolutionInputGenerator_rtl_0"": {""SIMD"": 2, ""parallel_window"": 0}, ""StreamingFIFO_rtl_2"": {}, ""StreamingDataWidthConverter_rtl_0"": {}, ""StreamingFIFO_rtl_3"": {}, ""MVAU_hls_0"": {""PE"": 1, ""SIMD"": 18}, ""StreamingFIFO_rtl_4"": {}, ""FMPadding_rtl_1"": {""SIMD"": 1}, ""StreamingFIFO_rtl_5"": {}, ""ConvolutionInputGenerator_rtl_1"": {""SIMD"": 2, ""parallel_window"": 0}, ""StreamingFIFO_rtl_6"": {}, ""MVAU_hls_1"": {""PE"": 1, ""SIMD"": 8}, ""StreamingFIFO_rtl_7"": {}, ""FMPadding_rtl_2"": {""SIMD"": 1}, ""StreamingFIFO_rtl_8"": {}, ""ConvolutionInputGenerator_rtl_2"": {""SIMD"": 1, ""parallel_window"": 0}, ""StreamingFIFO_rtl_9"": {}, ""MVAU_hls_2"": {""PE"": 1, ""SIMD"": 2}, ""StreamingFIFO_rtl_10"": {}, ""FMPadding_rtl_3"": {""SIMD"": 1}, ""StreamingFIFO_rtl_11"": {}, ""ConvolutionInputGenerator_rtl_3"": {""SIMD"": 1, ""parallel_window"": 0}, ""StreamingFIFO_rtl_12"": {}, ""MVAU_hls_3"": {""PE"": 1, ""SIMD"": 1}, ""StreamingFIFO_rtl_13"": {}, ""MVAU_hls_4"": {""PE"": 1, ""SIMD"": 1}, ""StreamingFIFO_rtl_14"": {}, ""LabelSelect_hls_0"": {""PE"": 1}, ""StreamingFIFO_rtl_15"": {}}","{""ConvolutionInputGenerator_rtl_0"": {""from"": {""SIMD"": 1, ""parallel_window"": 0}, ""to"": {""SIMD"": 2, ""parallel_window"": 0}}}",/home/arthurely/Desktop/finn/hara/builds/run_2025-04-26_08-48-50/t2w4_run9_20_BOTH,"{""Total LUTs"": 10640.0, ""FFs"": 21280.0, ""BRAM (36k)"": 28.0, ""DSP Blocks"": 44.0}",5858,5266,184,408,6405,6,1,10850.6944444444,MVAU_hls_1
2025-04-26 10:02:41,t2w4_run10_20_BOTH,success,493.17,"{""Defaults"": {}, ""StreamingFIFO_rtl_0"": {}, ""FMPadding_rtl_0"": {""SIMD"": 1}, ""StreamingFIFO_rtl_1"": {}, ""ConvolutionInputGenerator_rtl_0"": {""SIMD"": 2, ""parallel_window"": 0}, ""StreamingFIFO_rtl_2"": {}, ""StreamingDataWidthConverter_rtl_0"": {}, ""StreamingFIFO_rtl_3"": {}, ""MVAU_hls_0"": {""PE"": 1, ""SIMD"": 18}, ""StreamingFIFO_rtl_4"": {}, ""FMPadding_rtl_1"": {""SIMD"": 1}, ""StreamingFIFO_rtl_5"": {}, ""ConvolutionInputGenerator_rtl_1"": {""SIMD"": 2, ""parallel_window"": 0}, ""StreamingFIFO_rtl_6"": {}, ""MVAU_hls_1"": {""PE"": 1, ""SIMD"": 9}, ""StreamingFIFO_rtl_7"": {}, ""FMPadding_rtl_2"": {""SIMD"": 1}, ""StreamingFIFO_rtl_8"": {}, ""ConvolutionInputGenerator_rtl_2"": {""SIMD"": 1, ""parallel_window"": 0}, ""StreamingFIFO_rtl_9"": {}, ""MVAU_hls_2"": {""PE"": 1, ""SIMD"": 3}, ""StreamingFIFO_rtl_10"": {}, ""FMPadding_rtl_3"": {""SIMD"": 1}, ""StreamingFIFO_rtl_11"": {}, ""ConvolutionInputGenerator_rtl_3"": {""SIMD"": 1, ""parallel_window"": 0}, ""StreamingFIFO_rtl_12"": {}, ""MVAU_hls_3"": {""PE"": 1, ""SIMD"": 1}, ""StreamingFIFO_rtl_13"": {}, ""MVAU_hls_4"": {""PE"": 1, ""SIMD"": 1}, ""StreamingFIFO_rtl_14"": {}, ""LabelSelect_hls_0"": {""PE"": 1}, ""StreamingFIFO_rtl_15"": {}}","{""MVAU_hls_1"": {""from"": {""PE"": 1, ""SIMD"": 8}, ""to"": {""PE"": 1, ""SIMD"": 9}}, ""MVAU_hls_2"": {""from"": {""PE"": 1, ""SIMD"": 2}, ""to"": {""PE"": 1, ""SIMD"": 3}}}",/home/arthurely/Desktop/finn/hara/builds/run_2025-04-26_08-48-50/t2w4_run10_20_BOTH,"{""Total LUTs"": 10640.0, ""FFs"": 21280.0, ""BRAM (36k)"": 28.0, ""DSP Blocks"": 44.0}",6268,5508,184,576,7031,5.5,1,12207.03125,MVAU_hls_0
2025-04-26 10:10:36,t2w4_run11_20_BOTH,success,473.14,"{""Defaults"": {}, ""StreamingFIFO_rtl_0"": {}, ""FMPadding_rtl_0"": {""SIMD"": 1}, ""StreamingFIFO_rtl_1"": {}, ""ConvolutionInputGenerator_rtl_0"": {""SIMD"": 2, ""parallel_window"": 0}, ""StreamingFIFO_rtl_2"": {}, ""StreamingDataWidthConverter_rtl_0"": {}, ""StreamingFIFO_rtl_3"": {}, ""MVAU_hls_0"": {""PE"": 1, ""SIMD"": 36}, ""StreamingFIFO_rtl_4"": {}, ""FMPadding_rtl_1"": {""SIMD"": 1}, ""StreamingFIFO_rtl_5"": {}, ""ConvolutionInputGenerator_rtl_1"": {""SIMD"": 2, ""parallel_window"": 0}, ""StreamingFIFO_rtl_6"": {}, ""MVAU_hls_1"": {""PE"": 1, ""SIMD"": 12}, ""StreamingFIFO_rtl_7"": {}, ""FMPadding_rtl_2"": {""SIMD"": 1}, ""StreamingFIFO_rtl_8"": {}, ""ConvolutionInputGenerator_rtl_2"": {""SIMD"": 1, ""parallel_window"": 0}, ""StreamingFIFO_rtl_9"": {}, ""MVAU_hls_2"": {""PE"": 1, ""SIMD"": 3}, ""StreamingFIFO_rtl_10"": {}, ""FMPadding_rtl_3"": {""SIMD"": 1}, ""StreamingFIFO_rtl_11"": {}, ""ConvolutionInputGenerator_rtl_3"": {""SIMD"": 1, ""parallel_window"": 0}, ""StreamingFIFO_rtl_12"": {}, ""MVAU_hls_3"": {""PE"": 1, ""SIMD"": 1}, ""StreamingFIFO_rtl_13"": {}, ""MVAU_hls_4"": {""PE"": 1, ""SIMD"": 1}, ""StreamingFIFO_rtl_14"": {}, ""LabelSelect_hls_0"": {""PE"": 1}, ""StreamingFIFO_rtl_15"": {}}","{""MVAU_hls_0"": {""from"": {""PE"": 1, ""SIMD"": 18}, ""to"": {""PE"": 1, ""SIMD"": 36}}, ""MVAU_hls_1"": {""from"": {""PE"": 1, ""SIMD"": 9}, ""to"": {""PE"": 1, ""SIMD"": 12}}}",/home/arthurely/Desktop/finn/hara/builds/run_2025-04-26_08-48-50/t2w4_run11_20_BOTH,"{""Total LUTs"": 10640.0, ""FFs"": 21280.0, ""BRAM (36k)"": 28.0, ""DSP Blocks"": 44.0}",6885,6269,184,432,8319,6,1,16276.0416666667,MVAU_hls_1
2025-04-26 10:18:33,t2w4_run12_20_BOTH,success,474.69,"{""Defaults"": {}, ""StreamingFIFO_rtl_0"": {}, ""FMPadding_rtl_0"": {""SIMD"": 1}, ""StreamingFIFO_rtl_1"": {}, ""ConvolutionInputGenerator_rtl_0"": {""SIMD"": 2, ""parallel_window"": 0}, ""StreamingFIFO_rtl_2"": {}, ""StreamingDataWidthConverter_rtl_0"": {}, ""StreamingFIFO_rtl_3"": {}, ""MVAU_hls_0"": {""PE"": 1, ""SIMD"": 36}, ""StreamingFIFO_rtl_4"": {}, ""FMPadding_rtl_1"": {""SIMD"": 1}, ""StreamingFIFO_rtl_5"": {}, ""ConvolutionInputGenerator_rtl_1"": {""SIMD"": 2, ""parallel_window"": 0}, ""StreamingFIFO_rtl_6"": {}, ""MVAU_hls_1"": {""PE"": 1, ""SIMD"": 16}, ""StreamingFIFO_rtl_7"": {}, ""FMPadding_rtl_2"": {""SIMD"": 1}, ""StreamingFIFO_rtl_8"": {}, ""ConvolutionInputGenerator_rtl_2"": {""SIMD"": 1, ""parallel_window"": 0}, ""StreamingFIFO_rtl_9"": {}, ""MVAU_hls_2"": {""PE"": 1, ""SIMD"": 4}, ""StreamingFIFO_rtl_10"": {}, ""FMPadding_rtl_3"": {""SIMD"": 1}, ""StreamingFIFO_rtl_11"": {}, ""ConvolutionInputGenerator_rtl_3"": {""SIMD"": 1, ""parallel_window"": 0}, ""StreamingFIFO_rtl_12"": {}, ""MVAU_hls_3"": {""PE"": 1, ""SIMD"": 1}, ""StreamingFIFO_rtl_13"": {}, ""MVAU_hls_4"": {""PE"": 1, ""SIMD"": 1}, ""StreamingFIFO_rtl_14"": {}, ""LabelSelect_hls_0"": {""PE"": 1}, ""StreamingFIFO_rtl_15"": {}}","{""MVAU_hls_1"": {""from"": {""PE"": 1, ""SIMD"": 12}, ""to"": {""PE"": 1, ""SIMD"": 16}}, ""MVAU_hls_2"": {""from"": {""PE"": 1, ""SIMD"": 3}, ""to"": {""PE"": 1, ""SIMD"": 4}}}",/home/arthurely/Desktop/finn/hara/builds/run_2025-04-26_08-48-50/t2w4_run12_20_BOTH,"{""Total LUTs"": 10640.0, ""FFs"": 21280.0, ""BRAM (36k)"": 28.0, ""DSP Blocks"": 44.0}",7021,6349,184,488,8651,5,1,19290.1234567901,FMPadding_rtl_1
2025-04-26 10:26:13,t2w4_run13_20_BOTH,success,457.12,"{""Defaults"": {}, ""StreamingFIFO_rtl_0"": {}, ""FMPadding_rtl_0"": {""SIMD"": 1}, ""StreamingFIFO_rtl_1"": {}, ""ConvolutionInputGenerator_rtl_0"": {""SIMD"": 2, ""parallel_window"": 0}, ""StreamingFIFO_rtl_2"": {}, ""StreamingDataWidthConverter_rtl_0"": {}, ""StreamingFIFO_rtl_3"": {}, ""MVAU_hls_0"": {""PE"": 1, ""SIMD"": 36}, ""StreamingFIFO_rtl_4"": {}, ""FMPadding_rtl_1"": {""SIMD"": 2}, ""StreamingFIFO_rtl_5"": {}, ""ConvolutionInputGenerator_rtl_1"": {""SIMD"": 2, ""parallel_window"": 0}, ""StreamingFIFO_rtl_6"": {}, ""MVAU_hls_1"": {""PE"": 1, ""SIMD"": 16}, ""StreamingFIFO_rtl_7"": {}, ""FMPadding_rtl_2"": {""SIMD"": 1}, ""StreamingFIFO_rtl_8"": {}, ""ConvolutionInputGenerator_rtl_2"": {""SIMD"": 1, ""parallel_window"": 0}, ""StreamingFIFO_rtl_9"": {}, ""MVAU_hls_2"": {""PE"": 1, ""SIMD"": 4}, ""StreamingFIFO_rtl_10"": {}, ""FMPadding_rtl_3"": {""SIMD"": 1}, ""StreamingFIFO_rtl_11"": {}, ""ConvolutionInputGenerator_rtl_3"": {""SIMD"": 1, ""parallel_window"": 0}, ""StreamingFIFO_rtl_12"": {}, ""MVAU_hls_3"": {""PE"": 1, ""SIMD"": 1}, ""StreamingFIFO_rtl_13"": {}, ""MVAU_hls_4"": {""PE"": 1, ""SIMD"": 1}, ""StreamingFIFO_rtl_14"": {}, ""LabelSelect_hls_0"": {""PE"": 1}, ""StreamingFIFO_rtl_15"": {}}","{""FMPadding_rtl_1"": {""from"": {""SIMD"": 1}, ""to"": {""SIMD"": 2}}}",/home/arthurely/Desktop/finn/hara/builds/run_2025-04-26_08-48-50/t2w4_run13_20_BOTH,"{""Total LUTs"": 10640.0, ""FFs"": 21280.0, ""BRAM (36k)"": 28.0, ""DSP Blocks"": 44.0}",7123,6371,184,568,8628,4.5,1,20325.2032520325,ConvolutionInputGenerator_rtl_1
2025-04-26 10:33:49,t2w4_run14_20_BOTH,success,453.69,"{""Defaults"": {}, ""StreamingFIFO_rtl_0"": {}, ""FMPadding_rtl_0"": {""SIMD"": 1}, ""StreamingFIFO_rtl_1"": {}, ""ConvolutionInputGenerator_rtl_0"": {""SIMD"": 2, ""parallel_window"": 0}, ""StreamingFIFO_rtl_2"": {}, ""StreamingDataWidthConverter_rtl_0"": {}, ""StreamingFIFO_rtl_3"": {}, ""MVAU_hls_0"": {""PE"": 1, ""SIMD"": 36}, ""StreamingFIFO_rtl_4"": {}, ""FMPadding_rtl_1"": {""SIMD"": 2}, ""StreamingFIFO_rtl_5"": {}, ""ConvolutionInputGenerator_rtl_1"": {""SIMD"": 4, ""parallel_window"": 0}, ""StreamingFIFO_rtl_6"": {}, ""MVAU_hls_1"": {""PE"": 1, ""SIMD"": 16}, ""StreamingFIFO_rtl_7"": {}, ""FMPadding_rtl_2"": {""SIMD"": 1}, ""StreamingFIFO_rtl_8"": {}, ""ConvolutionInputGenerator_rtl_2"": {""SIMD"": 1, ""parallel_window"": 0}, ""StreamingFIFO_rtl_9"": {}, ""MVAU_hls_2"": {""PE"": 1, ""SIMD"": 4}, ""StreamingFIFO_rtl_10"": {}, ""FMPadding_rtl_3"": {""SIMD"": 1}, ""StreamingFIFO_rtl_11"": {}, ""ConvolutionInputGenerator_rtl_3"": {""SIMD"": 1, ""parallel_window"": 0}, ""StreamingFIFO_rtl_12"": {}, ""MVAU_hls_3"": {""PE"": 1, ""SIMD"": 1}, ""StreamingFIFO_rtl_13"": {}, ""MVAU_hls_4"": {""PE"": 1, ""SIMD"": 1}, ""StreamingFIFO_rtl_14"": {}, ""LabelSelect_hls_0"": {""PE"": 1}, ""StreamingFIFO_rtl_15"": {}}","{""ConvolutionInputGenerator_rtl_1"": {""from"": {""SIMD"": 2, ""parallel_window"": 0}, ""to"": {""SIMD"": 4, ""parallel_window"": 0}}}",/home/arthurely/Desktop/finn/hara/builds/run_2025-04-26_08-48-50/t2w4_run14_20_BOTH,"{""Total LUTs"": 10640.0, ""FFs"": 21280.0, ""BRAM (36k)"": 28.0, ""DSP Blocks"": 44.0}",7187,6425,178,584,8715,4.5,1,21052.6315789474,ConvolutionInputGenerator_rtl_0
2025-04-26 10:41:25,t2w4_run15_20_BOTH,success,454.03,"{""Defaults"": {}, ""StreamingFIFO_rtl_0"": {}, ""FMPadding_rtl_0"": {""SIMD"": 1}, ""StreamingFIFO_rtl_1"": {}, ""ConvolutionInputGenerator_rtl_0"": {""SIMD"": 4, ""parallel_window"": 0}, ""StreamingFIFO_rtl_2"": {}, ""StreamingDataWidthConverter_rtl_0"": {}, ""StreamingFIFO_rtl_3"": {}, ""MVAU_hls_0"": {""PE"": 1, ""SIMD"": 36}, ""StreamingFIFO_rtl_4"": {}, ""FMPadding_rtl_1"": {""SIMD"": 2}, ""StreamingFIFO_rtl_5"": {}, ""ConvolutionInputGenerator_rtl_1"": {""SIMD"": 4, ""parallel_window"": 0}, ""StreamingFIFO_rtl_6"": {}, ""MVAU_hls_1"": {""PE"": 1, ""SIMD"": 16}, ""StreamingFIFO_rtl_7"": {}, ""FMPadding_rtl_2"": {""SIMD"": 1}, ""StreamingFIFO_rtl_8"": {}, ""ConvolutionInputGenerator_rtl_2"": {""SIMD"": 1, ""parallel_window"": 0}, ""StreamingFIFO_rtl_9"": {}, ""MVAU_hls_2"": {""PE"": 1, ""SIMD"": 4}, ""StreamingFIFO_rtl_10"": {}, ""FMPadding_rtl_3"": {""SIMD"": 1}, ""StreamingFIFO_rtl_11"": {}, ""ConvolutionInputGenerator_rtl_3"": {""SIMD"": 1, ""parallel_window"": 0}, ""StreamingFIFO_rtl_12"": {}, ""MVAU_hls_3"": {""PE"": 1, ""SIMD"": 1}, ""StreamingFIFO_rtl_13"": {}, ""MVAU_hls_4"": {""PE"": 1, ""SIMD"": 1}, ""StreamingFIFO_rtl_14"": {}, ""LabelSelect_hls_0"": {""PE"": 1}, ""StreamingFIFO_rtl_15"": {}}","{""ConvolutionInputGenerator_rtl_0"": {""from"": {""SIMD"": 2, ""parallel_window"": 0}, ""to"": {""SIMD"": 4, ""parallel_window"": 0}}}",/home/arthurely/Desktop/finn/hara/builds/run_2025-04-26_08-48-50/t2w4_run15_20_BOTH,"{""Total LUTs"": 10640.0, ""FFs"": 21280.0, ""BRAM (36k)"": 28.0, ""DSP Blocks"": 44.0}",7383,6423,200,760,8551,4.5,1,21626.2975778547,FMPadding_rtl_0
2025-04-26 10:49:28,t2w4_run16_20_BOTH,success,480.81,"{""Defaults"": {}, ""StreamingFIFO_rtl_0"": {}, ""FMPadding_rtl_0"": {""SIMD"": 2}, ""StreamingFIFO_rtl_1"": {}, ""ConvolutionInputGenerator_rtl_0"": {""SIMD"": 4, ""parallel_window"": 0}, ""StreamingFIFO_rtl_2"": {}, ""StreamingDataWidthConverter_rtl_0"": {}, ""StreamingFIFO_rtl_3"": {}, ""MVAU_hls_0"": {""PE"": 1, ""SIMD"": 36}, ""StreamingFIFO_rtl_4"": {}, ""FMPadding_rtl_1"": {""SIMD"": 2}, ""StreamingFIFO_rtl_5"": {}, ""ConvolutionInputGenerator_rtl_1"": {""SIMD"": 4, ""parallel_window"": 0}, ""StreamingFIFO_rtl_6"": {}, ""MVAU_hls_1"": {""PE"": 1, ""SIMD"": 16}, ""StreamingFIFO_rtl_7"": {}, ""FMPadding_rtl_2"": {""SIMD"": 1}, ""StreamingFIFO_rtl_8"": {}, ""ConvolutionInputGenerator_rtl_2"": {""SIMD"": 1, ""parallel_window"": 0}, ""StreamingFIFO_rtl_9"": {}, ""MVAU_hls_2"": {""PE"": 1, ""SIMD"": 4}, ""StreamingFIFO_rtl_10"": {}, ""FMPadding_rtl_3"": {""SIMD"": 1}, ""StreamingFIFO_rtl_11"": {}, ""ConvolutionInputGenerator_rtl_3"": {""SIMD"": 1, ""parallel_window"": 0}, ""StreamingFIFO_rtl_12"": {}, ""MVAU_hls_3"": {""PE"": 1, ""SIMD"": 1}, ""StreamingFIFO_rtl_13"": {}, ""MVAU_hls_4"": {""PE"": 1, ""SIMD"": 1}, ""StreamingFIFO_rtl_14"": {}, ""LabelSelect_hls_0"": {""PE"": 1}, ""StreamingFIFO_rtl_15"": {}}","{""FMPadding_rtl_0"": {""from"": {""SIMD"": 1}, ""to"": {""SIMD"": 2}}}",/home/arthurely/Desktop/finn/hara/builds/run_2025-04-26_08-48-50/t2w4_run16_20_BOTH,"{""Total LUTs"": 10640.0, ""FFs"": 21280.0, ""BRAM (36k)"": 28.0, ""DSP Blocks"": 44.0}",10026,7002,200,2824,8636,4.5,1,21701.3888888889,MVAU_hls_1
2025-04-26 10:58:08,t2w4_run17_20_BOTH,success,517.49,"{""Defaults"": {}, ""StreamingFIFO_rtl_0"": {}, ""FMPadding_rtl_0"": {""SIMD"": 2}, ""StreamingFIFO_rtl_1"": {}, ""ConvolutionInputGenerator_rtl_0"": {""SIMD"": 4, ""parallel_window"": 0}, ""StreamingFIFO_rtl_2"": {}, ""StreamingDataWidthConverter_rtl_0"": {}, ""StreamingFIFO_rtl_3"": {}, ""MVAU_hls_0"": {""PE"": 1, ""SIMD"": 36}, ""StreamingFIFO_rtl_4"": {}, ""FMPadding_rtl_1"": {""SIMD"": 2}, ""StreamingFIFO_rtl_5"": {}, ""ConvolutionInputGenerator_rtl_1"": {""SIMD"": 4, ""parallel_window"": 0}, ""StreamingFIFO_rtl_6"": {}, ""MVAU_hls_1"": {""PE"": 1, ""SIMD"": 18}, ""StreamingFIFO_rtl_7"": {}, ""FMPadding_rtl_2"": {""SIMD"": 1}, ""StreamingFIFO_rtl_8"": {}, ""ConvolutionInputGenerator_rtl_2"": {""SIMD"": 1, ""parallel_window"": 0}, ""StreamingFIFO_rtl_9"": {}, ""MVAU_hls_2"": {""PE"": 1, ""SIMD"": 6}, ""StreamingFIFO_rtl_10"": {}, ""FMPadding_rtl_3"": {""SIMD"": 1}, ""StreamingFIFO_rtl_11"": {}, ""ConvolutionInputGenerator_rtl_3"": {""SIMD"": 1, ""parallel_window"": 0}, ""StreamingFIFO_rtl_12"": {}, ""MVAU_hls_3"": {""PE"": 1, ""SIMD"": 2}, ""StreamingFIFO_rtl_13"": {}, ""MVAU_hls_4"": {""PE"": 1, ""SIMD"": 1}, ""StreamingFIFO_rtl_14"": {}, ""LabelSelect_hls_0"": {""PE"": 1}, ""StreamingFIFO_rtl_15"": {}}","{""MVAU_hls_1"": {""from"": {""PE"": 1, ""SIMD"": 16}, ""to"": {""PE"": 1, ""SIMD"": 18}}, ""MVAU_hls_2"": {""from"": {""PE"": 1, ""SIMD"": 4}, ""to"": {""PE"": 1, ""SIMD"": 6}}, ""MVAU_hls_3"": {""from"": {""PE"": 1, ""SIMD"": 1}, ""to"": {""PE"": 1, ""SIMD"": 2}}}",/home/arthurely/Desktop/finn/hara/builds/run_2025-04-26_08-48-50/t2w4_run17_20_BOTH,"{""Total LUTs"": 10640.0, ""FFs"": 21280.0, ""BRAM (36k)"": 28.0, ""DSP Blocks"": 44.0}",9977,7185,200,2592,9755,4.5,1,24414.0625,MVAU_hls_0
2025-04-26 11:05:54,t2w4_run18_20_BOTH,success,463.43,"{""Defaults"": {}, ""StreamingFIFO_rtl_0"": {}, ""FMPadding_rtl_0"": {""SIMD"": 2}, ""StreamingFIFO_rtl_1"": {}, ""ConvolutionInputGenerator_rtl_0"": {""SIMD"": 4, ""parallel_window"": 0}, ""StreamingFIFO_rtl_2"": {}, ""StreamingDataWidthConverter_rtl_0"": {}, ""StreamingFIFO_rtl_3"": {}, ""MVAU_hls_0"": {""PE"": 2, ""SIMD"": 36}, ""StreamingFIFO_rtl_4"": {}, ""FMPadding_rtl_1"": {""SIMD"": 2}, ""StreamingFIFO_rtl_5"": {}, ""ConvolutionInputGenerator_rtl_1"": {""SIMD"": 4, ""parallel_window"": 0}, ""StreamingFIFO_rtl_6"": {}, ""MVAU_hls_1"": {""PE"": 1, ""SIMD"": 24}, ""StreamingFIFO_rtl_7"": {}, ""FMPadding_rtl_2"": {""SIMD"": 1}, ""StreamingFIFO_rtl_8"": {}, ""ConvolutionInputGenerator_rtl_2"": {""SIMD"": 1, ""parallel_window"": 0}, ""StreamingFIFO_rtl_9"": {}, ""MVAU_hls_2"": {""PE"": 1, ""SIMD"": 6}, ""StreamingFIFO_rtl_10"": {}, ""FMPadding_rtl_3"": {""SIMD"": 1}, ""StreamingFIFO_rtl_11"": {}, ""ConvolutionInputGenerator_rtl_3"": {""SIMD"": 1, ""parallel_window"": 0}, ""StreamingFIFO_rtl_12"": {}, ""MVAU_hls_3"": {""PE"": 1, ""SIMD"": 2}, ""StreamingFIFO_rtl_13"": {}, ""MVAU_hls_4"": {""PE"": 1, ""SIMD"": 1}, ""StreamingFIFO_rtl_14"": {}, ""LabelSelect_hls_0"": {""PE"": 1}, ""StreamingFIFO_rtl_15"": {}}","{""MVAU_hls_0"": {""from"": {""PE"": 1, ""SIMD"": 36}, ""to"": {""PE"": 2, ""SIMD"": 36}}, ""MVAU_hls_1"": {""from"": {""PE"": 1, ""SIMD"": 18}, ""to"": {""PE"": 1, ""SIMD"": 24}}}",/home/arthurely/Desktop/finn/hara/builds/run_2025-04-26_08-48-50/t2w4_run18_20_BOTH,"{""Total LUTs"": 10640.0, ""FFs"": 21280.0, ""BRAM (36k)"": 28.0, ""DSP Blocks"": 44.0}",9609,8465,200,944,10859,5.5,1,32552.0833333333,MVAU_hls_1
2025-04-26 11:13:39,t2w4_run19_20_BOTH,success,463.48,"{""Defaults"": {}, ""StreamingFIFO_rtl_0"": {}, ""FMPadding_rtl_0"": {""SIMD"": 2}, ""StreamingFIFO_rtl_1"": {}, ""ConvolutionInputGenerator_rtl_0"": {""SIMD"": 4, ""parallel_window"": 0}, ""StreamingFIFO_rtl_2"": {}, ""StreamingDataWidthConverter_rtl_0"": {}, ""StreamingFIFO_rtl_3"": {}, ""MVAU_hls_0"": {""PE"": 2, ""SIMD"": 36}, ""StreamingFIFO_rtl_4"": {}, ""FMPadding_rtl_1"": {""SIMD"": 2}, ""StreamingFIFO_rtl_5"": {}, ""ConvolutionInputGenerator_rtl_1"": {""SIMD"": 4, ""parallel_window"": 0}, ""StreamingFIFO_rtl_6"": {}, ""MVAU_hls_1"": {""PE"": 1, ""SIMD"": 36}, ""StreamingFIFO_rtl_7"": {}, ""FMPadding_rtl_2"": {""SIMD"": 1}, ""StreamingFIFO_rtl_8"": {}, ""ConvolutionInputGenerator_rtl_2"": {""SIMD"": 1, ""parallel_window"": 0}, ""StreamingFIFO_rtl_9"": {}, ""MVAU_hls_2"": {""PE"": 1, ""SIMD"": 8}, ""StreamingFIFO_rtl_10"": {}, ""FMPadding_rtl_3"": {""SIMD"": 1}, ""StreamingFIFO_rtl_11"": {}, ""ConvolutionInputGenerator_rtl_3"": {""SIMD"": 1, ""parallel_window"": 0}, ""StreamingFIFO_rtl_12"": {}, ""MVAU_hls_3"": {""PE"": 1, ""SIMD"": 2}, ""StreamingFIFO_rtl_13"": {}, ""MVAU_hls_4"": {""PE"": 1, ""SIMD"": 1}, ""StreamingFIFO_rtl_14"": {}, ""LabelSelect_hls_0"": {""PE"": 1}, ""StreamingFIFO_rtl_15"": {}}","{""MVAU_hls_1"": {""from"": {""PE"": 1, ""SIMD"": 24}, ""to"": {""PE"": 1, ""SIMD"": 36}}, ""MVAU_hls_2"": {""from"": {""PE"": 1, ""SIMD"": 6}, ""to"": {""PE"": 1, ""SIMD"": 8}}}",/home/arthurely/Desktop/finn/hara/builds/run_2025-04-26_08-48-50/t2w4_run19_20_BOTH,"{""Total LUTs"": 10640.0, ""FFs"": 21280.0, ""BRAM (36k)"": 28.0, ""DSP Blocks"": 44.0}",9409,8753,200,456,11852,6.5,1,38580.2469135802,FMPadding_rtl_1
2025-04-26 11:21:29,t2w4_run20_20_BOTH,success,467.27,"{""Defaults"": {}, ""StreamingFIFO_rtl_0"": {}, ""FMPadding_rtl_0"": {""SIMD"": 2}, ""StreamingFIFO_rtl_1"": {}, ""ConvolutionInputGenerator_rtl_0"": {""SIMD"": 4, ""parallel_window"": 0}, ""StreamingFIFO_rtl_2"": {}, ""StreamingDataWidthConverter_rtl_0"": {}, ""StreamingFIFO_rtl_3"": {}, ""MVAU_hls_0"": {""PE"": 2, ""SIMD"": 36}, ""StreamingFIFO_rtl_4"": {}, ""FMPadding_rtl_1"": {""SIMD"": 4}, ""StreamingFIFO_rtl_5"": {}, ""ConvolutionInputGenerator_rtl_1"": {""SIMD"": 4, ""parallel_window"": 0}, ""StreamingFIFO_rtl_6"": {}, ""MVAU_hls_1"": {""PE"": 1, ""SIMD"": 36}, ""StreamingFIFO_rtl_7"": {}, ""FMPadding_rtl_2"": {""SIMD"": 1}, ""StreamingFIFO_rtl_8"": {}, ""ConvolutionInputGenerator_rtl_2"": {""SIMD"": 1, ""parallel_window"": 0}, ""StreamingFIFO_rtl_9"": {}, ""MVAU_hls_2"": {""PE"": 1, ""SIMD"": 8}, ""StreamingFIFO_rtl_10"": {}, ""FMPadding_rtl_3"": {""SIMD"": 1}, ""StreamingFIFO_rtl_11"": {}, ""ConvolutionInputGenerator_rtl_3"": {""SIMD"": 1, ""parallel_window"": 0}, ""StreamingFIFO_rtl_12"": {}, ""MVAU_hls_3"": {""PE"": 1, ""SIMD"": 2}, ""StreamingFIFO_rtl_13"": {}, ""MVAU_hls_4"": {""PE"": 1, ""SIMD"": 1}, ""StreamingFIFO_rtl_14"": {}, ""LabelSelect_hls_0"": {""PE"": 1}, ""StreamingFIFO_rtl_15"": {}}","{""FMPadding_rtl_1"": {""from"": {""SIMD"": 2}, ""to"": {""SIMD"": 4}}}",/home/arthurely/Desktop/finn/hara/builds/run_2025-04-26_08-48-50/t2w4_run20_20_BOTH,"{""Total LUTs"": 10640.0, ""FFs"": 21280.0, ""BRAM (36k)"": 28.0, ""DSP Blocks"": 44.0}",9507,8811,200,496,11878,6.5,1,40650.406504065,ConvolutionInputGenerator_rtl_1
2025-04-26 11:29:49,t2w4_run21_20_BOTH,success,497.86,"{""Defaults"": {}, ""StreamingFIFO_rtl_0"": {}, ""FMPadding_rtl_0"": {""SIMD"": 2}, ""StreamingFIFO_rtl_1"": {}, ""ConvolutionInputGenerator_rtl_0"": {""SIMD"": 4, ""parallel_window"": 0}, ""StreamingFIFO_rtl_2"": {}, ""StreamingDataWidthConverter_rtl_0"": {}, ""StreamingFIFO_rtl_3"": {}, ""MVAU_hls_0"": {""PE"": 2, ""SIMD"": 36}, ""StreamingFIFO_rtl_4"": {}, ""FMPadding_rtl_1"": {""SIMD"": 4}, ""StreamingFIFO_rtl_5"": {}, ""ConvolutionInputGenerator_rtl_1"": {""SIMD"": 8, ""parallel_window"": 0}, ""StreamingFIFO_rtl_6"": {}, ""MVAU_hls_1"": {""PE"": 1, ""SIMD"": 36}, ""StreamingFIFO_rtl_7"": {}, ""FMPadding_rtl_2"": {""SIMD"": 1}, ""StreamingFIFO_rtl_8"": {}, ""ConvolutionInputGenerator_rtl_2"": {""SIMD"": 1, ""parallel_window"": 0}, ""StreamingFIFO_rtl_9"": {}, ""MVAU_hls_2"": {""PE"": 1, ""SIMD"": 8}, ""StreamingFIFO_rtl_10"": {}, ""FMPadding_rtl_3"": {""SIMD"": 1}, ""StreamingFIFO_rtl_11"": {}, ""ConvolutionInputGenerator_rtl_3"": {""SIMD"": 1, ""parallel_window"": 0}, ""StreamingFIFO_rtl_12"": {}, ""MVAU_hls_3"": {""PE"": 1, ""SIMD"": 2}, ""StreamingFIFO_rtl_13"": {}, ""MVAU_hls_4"": {""PE"": 1, ""SIMD"": 1}, ""StreamingFIFO_rtl_14"": {}, ""LabelSelect_hls_0"": {""PE"": 1}, ""StreamingFIFO_rtl_15"": {}}","{""ConvolutionInputGenerator_rtl_1"": {""from"": {""SIMD"": 4, ""parallel_window"": 0}, ""to"": {""SIMD"": 8, ""parallel_window"": 0}}}",/home/arthurely/Desktop/finn/hara/builds/run_2025-04-26_08-48-50/t2w4_run21_20_BOTH,"{""Total LUTs"": 10640.0, ""FFs"": 21280.0, ""BRAM (36k)"": 28.0, ""DSP Blocks"": 44.0}",10180,9382,222,576,13505,6.5,1,42105.2631578947,ConvolutionInputGenerator_rtl_0
2025-04-26 11:38:02,t2w4_run22_20_BOTH,final,490.14,"{""Defaults"": {}, ""StreamingFIFO_rtl_0"": {}, ""FMPadding_rtl_0"": {""SIMD"": 2}, ""StreamingFIFO_rtl_1"": {}, ""ConvolutionInputGenerator_rtl_0"": {""SIMD"": 4, ""parallel_window"": 1}, ""StreamingFIFO_rtl_2"": {}, ""StreamingDataWidthConverter_rtl_0"": {}, ""StreamingFIFO_rtl_3"": {}, ""MVAU_hls_0"": {""PE"": 2, ""SIMD"": 36}, ""StreamingFIFO_rtl_4"": {}, ""FMPadding_rtl_1"": {""SIMD"": 4}, ""StreamingFIFO_rtl_5"": {}, ""ConvolutionInputGenerator_rtl_1"": {""SIMD"": 8, ""parallel_window"": 0}, ""StreamingFIFO_rtl_6"": {}, ""MVAU_hls_1"": {""PE"": 1, ""SIMD"": 36}, ""StreamingFIFO_rtl_7"": {}, ""FMPadding_rtl_2"": {""SIMD"": 1}, ""StreamingFIFO_rtl_8"": {}, ""ConvolutionInputGenerator_rtl_2"": {""SIMD"": 1, ""parallel_window"": 0}, ""StreamingFIFO_rtl_9"": {}, ""MVAU_hls_2"": {""PE"": 1, ""SIMD"": 8}, ""StreamingFIFO_rtl_10"": {}, ""FMPadding_rtl_3"": {""SIMD"": 1}, ""StreamingFIFO_rtl_11"": {}, ""ConvolutionInputGenerator_rtl_3"": {""SIMD"": 1, ""parallel_window"": 0}, ""StreamingFIFO_rtl_12"": {}, ""MVAU_hls_3"": {""PE"": 1, ""SIMD"": 2}, ""StreamingFIFO_rtl_13"": {}, ""MVAU_hls_4"": {""PE"": 1, ""SIMD"": 1}, ""StreamingFIFO_rtl_14"": {}, ""LabelSelect_hls_0"": {""PE"": 1}, ""StreamingFIFO_rtl_15"": {}}","{""ConvolutionInputGenerator_rtl_0"": {""from"": {""SIMD"": 4, ""parallel_window"": 0}, ""to"": {""SIMD"": 4, ""parallel_window"": 1}}}",/home/arthurely/Desktop/finn/hara/builds/run_2025-04-26_08-48-50/t2w4_run22_20_BOTH,"{""Total LUTs"": 10640.0, ""FFs"": 21280.0, ""BRAM (36k)"": 28.0, ""DSP Blocks"": 44.0}",10173,9239,182,752,13167,6.5,1,43252.5951557093,FMPadding_rtl_0
2025-04-26 11:46:31,t2w4_run23_20_BOTH,resources exceeded,506.43,"{""Defaults"": {}, ""StreamingFIFO_rtl_0"": {}, ""FMPadding_rtl_0"": {""SIMD"": 4}, ""StreamingFIFO_rtl_1"": {}, ""ConvolutionInputGenerator_rtl_0"": {""SIMD"": 4, ""parallel_window"": 1}, ""StreamingFIFO_rtl_2"": {}, ""StreamingDataWidthConverter_rtl_0"": {}, ""StreamingFIFO_rtl_3"": {}, ""MVAU_hls_0"": {""PE"": 2, ""SIMD"": 36}, ""StreamingFIFO_rtl_4"": {}, ""FMPadding_rtl_1"": {""SIMD"": 4}, ""StreamingFIFO_rtl_5"": {}, ""ConvolutionInputGenerator_rtl_1"": {""SIMD"": 8, ""parallel_window"": 0}, ""StreamingFIFO_rtl_6"": {}, ""MVAU_hls_1"": {""PE"": 1, ""SIMD"": 36}, ""StreamingFIFO_rtl_7"": {}, ""FMPadding_rtl_2"": {""SIMD"": 1}, ""StreamingFIFO_rtl_8"": {}, ""ConvolutionInputGenerator_rtl_2"": {""SIMD"": 1, ""parallel_window"": 0}, ""StreamingFIFO_rtl_9"": {}, ""MVAU_hls_2"": {""PE"": 1, ""SIMD"": 8}, ""StreamingFIFO_rtl_10"": {}, ""FMPadding_rtl_3"": {""SIMD"": 1}, ""StreamingFIFO_rtl_11"": {}, ""ConvolutionInputGenerator_rtl_3"": {""SIMD"": 1, ""parallel_window"": 0}, ""StreamingFIFO_rtl_12"": {}, ""MVAU_hls_3"": {""PE"": 1, ""SIMD"": 2}, ""StreamingFIFO_rtl_13"": {}, ""MVAU_hls_4"": {""PE"": 1, ""SIMD"": 1}, ""StreamingFIFO_rtl_14"": {}, ""LabelSelect_hls_0"": {""PE"": 1}, ""StreamingFIFO_rtl_15"": {}}","{""FMPadding_rtl_0"": {""from"": {""SIMD"": 2}, ""to"": {""SIMD"": 4}}}",/home/arthurely/Desktop/finn/hara/builds/run_2025-04-26_08-48-50/t2w4_run23_20_BOTH,"{""Total LUTs"": 10640.0, ""FFs"": 21280.0, ""BRAM (36k)"": 28.0, ""DSP Blocks"": 44.0}",12403,9357,182,2864,13188,6.5,1,43402.7777777778,MVAU_hls_2
2025-04-26 15:33:47,t2w4_run1_40_BOTH,success,556.46,"{""Defaults"": {}, ""StreamingFIFO_rtl_0"": {}, ""FMPadding_rtl_0"": {""SIMD"": 4}, ""StreamingFIFO_rtl_1"": {}, ""StreamingDataWidthConverter_rtl_0"": {}, ""StreamingFIFO_rtl_2"": {}, ""ConvolutionInputGenerator_rtl_0"": {""SIMD"": 4, ""parallel_window"": 1}, ""StreamingFIFO_rtl_3"": {}, ""MVAU_hls_0"": {""PE"": 2, ""SIMD"": 36}, ""StreamingFIFO_rtl_4"": {}, ""StreamingDataWidthConverter_rtl_1"": {}, ""StreamingFIFO_rtl_5"": {}, ""FMPadding_rtl_1"": {""SIMD"": 4}, ""StreamingFIFO_rtl_6"": {}, ""StreamingDataWidthConverter_rtl_2"": {}, ""StreamingFIFO_rtl_7"": {}, ""ConvolutionInputGenerator_rtl_1"": {""SIMD"": 8, ""parallel_window"": 0}, ""StreamingFIFO_rtl_8"": {}, ""StreamingDataWidthConverter_hls_0"": {}, ""StreamingFIFO_rtl_9"": {}, ""MVAU_hls_1"": {""PE"": 1, ""SIMD"": 36}, ""StreamingFIFO_rtl_10"": {}, ""FMPadding_rtl_2"": {""SIMD"": 1}, ""StreamingFIFO_rtl_11"": {}, ""ConvolutionInputGenerator_rtl_2"": {""SIMD"": 1, ""parallel_window"": 0}, ""StreamingFIFO_rtl_12"": {}, ""StreamingDataWidthConverter_rtl_3"": {}, ""StreamingFIFO_rtl_13"": {}, ""MVAU_hls_2"": {""PE"": 1, ""SIMD"": 8}, ""StreamingFIFO_rtl_14"": {}, ""FMPadding_rtl_3"": {""SIMD"": 1}, ""StreamingFIFO_rtl_15"": {}, ""ConvolutionInputGenerator_rtl_3"": {""SIMD"": 1, ""parallel_window"": 0}, ""StreamingFIFO_rtl_16"": {}, ""StreamingDataWidthConverter_rtl_4"": {}, ""StreamingFIFO_rtl_17"": {}, ""MVAU_hls_3"": {""PE"": 1, ""SIMD"": 2}, ""StreamingFIFO_rtl_18"": {}, ""MVAU_rtl_0"": {""PE"": 1, ""SIMD"": 1}, ""StreamingFIFO_rtl_19"": {}, ""LabelSelect_hls_0"": {""PE"": 1}, ""StreamingFIFO_rtl_20"": {}}",{},/home/arthurely/Desktop/finn/hara/builds/run_2025-04-26_15-24-28/t2w4_run1_40_BOTH,"{""Total LUTs"": 21280.0, ""FFs"": 42560.0, ""BRAM (36k)"": 56.0, ""DSP Blocks"": 88.0}",12403,9357,182,2864,13188,6.5,1,43402.7777777778,MVAU_hls_2
2025-04-26 15:42:58,t2w4_run2_40_BOTH,success,548.25,"{""Defaults"": {}, ""StreamingFIFO_rtl_0"": {}, ""FMPadding_rtl_0"": {""SIMD"": 4}, ""StreamingFIFO_rtl_1"": {}, ""StreamingDataWidthConverter_rtl_0"": {}, ""StreamingFIFO_rtl_2"": {}, ""ConvolutionInputGenerator_rtl_0"": {""SIMD"": 4, ""parallel_window"": 1}, ""StreamingFIFO_rtl_3"": {}, ""MVAU_hls_0"": {""PE"": 2, ""SIMD"": 36}, ""StreamingFIFO_rtl_4"": {}, ""StreamingDataWidthConverter_rtl_1"": {}, ""StreamingFIFO_rtl_5"": {}, ""FMPadding_rtl_1"": {""SIMD"": 4}, ""StreamingFIFO_rtl_6"": {}, ""StreamingDataWidthConverter_rtl_2"": {}, ""StreamingFIFO_rtl_7"": {}, ""ConvolutionInputGenerator_rtl_1"": {""SIMD"": 8, ""parallel_window"": 0}, ""StreamingFIFO_rtl_8"": {}, ""StreamingDataWidthConverter_hls_0"": {}, ""StreamingFIFO_rtl_9"": {}, ""MVAU_hls_1"": {""PE"": 1, ""SIMD"": 36}, ""StreamingFIFO_rtl_10"": {}, ""FMPadding_rtl_2"": {""SIMD"": 1}, ""StreamingFIFO_rtl_11"": {}, ""ConvolutionInputGenerator_rtl_2"": {""SIMD"": 1, ""parallel_window"": 0}, ""StreamingFIFO_rtl_12"": {}, ""StreamingDataWidthConverter_rtl_3"": {}, ""StreamingFIFO_rtl_13"": {}, ""MVAU_hls_2"": {""PE"": 1, ""SIMD"": 9}, ""StreamingFIFO_rtl_14"": {}, ""FMPadding_rtl_3"": {""SIMD"": 1}, ""StreamingFIFO_rtl_15"": {}, ""ConvolutionInputGenerator_rtl_3"": {""SIMD"": 1, ""parallel_window"": 0}, ""StreamingFIFO_rtl_16"": {}, ""StreamingDataWidthConverter_rtl_4"": {}, ""StreamingFIFO_rtl_17"": {}, ""MVAU_hls_3"": {""PE"": 1, ""SIMD"": 3}, ""StreamingFIFO_rtl_18"": {}, ""MVAU_rtl_0"": {""PE"": 1, ""SIMD"": 1}, ""StreamingFIFO_rtl_19"": {}, ""LabelSelect_hls_0"": {""PE"": 1}, ""StreamingFIFO_rtl_20"": {}}","{""MVAU_hls_2"": {""from"": {""PE"": 1, ""SIMD"": 8}, ""to"": {""PE"": 1, ""SIMD"": 9}}, ""MVAU_hls_3"": {""from"": {""PE"": 1, ""SIMD"": 2}, ""to"": {""PE"": 1, ""SIMD"": 3}}}",/home/arthurely/Desktop/finn/hara/builds/run_2025-04-26_15-24-28/t2w4_run2_40_BOTH,"{""Total LUTs"": 21280.0, ""FFs"": 42560.0, ""BRAM (36k)"": 56.0, ""DSP Blocks"": 88.0}",12468,9430,182,2856,13351,6.5,1,48828.125,MVAU_hls_0
2025-04-26 15:51:57,t2w4_run3_40_BOTH,success,536.86,"{""Defaults"": {}, ""StreamingFIFO_rtl_0"": {}, ""FMPadding_rtl_0"": {""SIMD"": 4}, ""StreamingFIFO_rtl_1"": {}, ""StreamingDataWidthConverter_rtl_0"": {}, ""StreamingFIFO_rtl_2"": {}, ""ConvolutionInputGenerator_rtl_0"": {""SIMD"": 4, ""parallel_window"": 1}, ""StreamingFIFO_rtl_3"": {}, ""MVAU_hls_0"": {""PE"": 4, ""SIMD"": 36}, ""StreamingFIFO_rtl_4"": {}, ""StreamingDataWidthConverter_rtl_1"": {}, ""StreamingFIFO_rtl_5"": {}, ""FMPadding_rtl_1"": {""SIMD"": 4}, ""StreamingFIFO_rtl_6"": {}, ""StreamingDataWidthConverter_rtl_2"": {}, ""StreamingFIFO_rtl_7"": {}, ""ConvolutionInputGenerator_rtl_1"": {""SIMD"": 8, ""parallel_window"": 0}, ""StreamingFIFO_rtl_8"": {}, ""StreamingDataWidthConverter_hls_0"": {}, ""StreamingFIFO_rtl_9"": {}, ""MVAU_hls_1"": {""PE"": 2, ""SIMD"": 36}, ""StreamingFIFO_rtl_10"": {}, ""FMPadding_rtl_2"": {""SIMD"": 1}, ""StreamingFIFO_rtl_11"": {}, ""ConvolutionInputGenerator_rtl_2"": {""SIMD"": 1, ""parallel_window"": 0}, ""StreamingFIFO_rtl_12"": {}, ""StreamingDataWidthConverter_rtl_3"": {}, ""StreamingFIFO_rtl_13"": {}, ""MVAU_hls_2"": {""PE"": 1, ""SIMD"": 12}, ""StreamingFIFO_rtl_14"": {}, ""FMPadding_rtl_3"": {""SIMD"": 1}, ""StreamingFIFO_rtl_15"": {}, ""ConvolutionInputGenerator_rtl_3"": {""SIMD"": 1, ""parallel_window"": 0}, ""StreamingFIFO_rtl_16"": {}, ""StreamingDataWidthConverter_rtl_4"": {}, ""StreamingFIFO_rtl_17"": {}, ""MVAU_hls_3"": {""PE"": 1, ""SIMD"": 3}, ""StreamingFIFO_rtl_18"": {}, ""MVAU_rtl_0"": {""PE"": 1, ""SIMD"": 1}, ""StreamingFIFO_rtl_19"": {}, ""LabelSelect_hls_0"": {""PE"": 1}, ""StreamingFIFO_rtl_20"": {}}","{""MVAU_hls_0"": {""from"": {""PE"": 2, ""SIMD"": 36}, ""to"": {""PE"": 4, ""SIMD"": 36}}, ""MVAU_hls_1"": {""from"": {""PE"": 1, ""SIMD"": 36}, ""to"": {""PE"": 2, ""SIMD"": 36}}, ""MVAU_hls_2"": {""from"": {""PE"": 1, ""SIMD"": 9}, ""to"": {""PE"": 1, ""SIMD"": 12}}}",/home/arthurely/Desktop/finn/hara/builds/run_2025-04-26_15-24-28/t2w4_run3_40_BOTH,"{""Total LUTs"": 21280.0, ""FFs"": 42560.0, ""BRAM (36k)"": 56.0, ""DSP Blocks"": 88.0}",14566,13568,182,816,17563,11,1,65104.1666666667,MVAU_hls_2
2025-04-26 16:00:52,t2w4_run4_40_BOTH,success,533.42,"{""Defaults"": {}, ""StreamingFIFO_rtl_0"": {}, ""FMPadding_rtl_0"": {""SIMD"": 4}, ""StreamingFIFO_rtl_1"": {}, ""StreamingDataWidthConverter_rtl_0"": {}, ""StreamingFIFO_rtl_2"": {}, ""ConvolutionInputGenerator_rtl_0"": {""SIMD"": 4, ""parallel_window"": 1}, ""StreamingFIFO_rtl_3"": {}, ""MVAU_hls_0"": {""PE"": 4, ""SIMD"": 36}, ""StreamingFIFO_rtl_4"": {}, ""StreamingDataWidthConverter_rtl_1"": {}, ""StreamingFIFO_rtl_5"": {}, ""FMPadding_rtl_1"": {""SIMD"": 4}, ""StreamingFIFO_rtl_6"": {}, ""StreamingDataWidthConverter_rtl_2"": {}, ""StreamingFIFO_rtl_7"": {}, ""ConvolutionInputGenerator_rtl_1"": {""SIMD"": 8, ""parallel_window"": 0}, ""StreamingFIFO_rtl_8"": {}, ""StreamingDataWidthConverter_hls_0"": {}, ""StreamingFIFO_rtl_9"": {}, ""MVAU_hls_1"": {""PE"": 2, ""SIMD"": 36}, ""StreamingFIFO_rtl_10"": {}, ""FMPadding_rtl_2"": {""SIMD"": 1}, ""StreamingFIFO_rtl_11"": {}, ""ConvolutionInputGenerator_rtl_2"": {""SIMD"": 1, ""parallel_window"": 0}, ""StreamingFIFO_rtl_12"": {}, ""StreamingDataWidthConverter_rtl_3"": {}, ""StreamingFIFO_rtl_13"": {}, ""MVAU_hls_2"": {""PE"": 1, ""SIMD"": 18}, ""StreamingFIFO_rtl_14"": {}, ""FMPadding_rtl_3"": {""SIMD"": 1}, ""StreamingFIFO_rtl_15"": {}, ""ConvolutionInputGenerator_rtl_3"": {""SIMD"": 1, ""parallel_window"": 0}, ""StreamingFIFO_rtl_16"": {}, ""StreamingDataWidthConverter_rtl_4"": {}, ""StreamingFIFO_rtl_17"": {}, ""MVAU_hls_3"": {""PE"": 1, ""SIMD"": 4}, ""StreamingFIFO_rtl_18"": {}, ""MVAU_rtl_0"": {""PE"": 1, ""SIMD"": 1}, ""StreamingFIFO_rtl_19"": {}, ""LabelSelect_hls_0"": {""PE"": 1}, ""StreamingFIFO_rtl_20"": {}}","{""MVAU_hls_2"": {""from"": {""PE"": 1, ""SIMD"": 12}, ""to"": {""PE"": 1, ""SIMD"": 18}}, ""MVAU_hls_3"": {""from"": {""PE"": 1, ""SIMD"": 3}, ""to"": {""PE"": 1, ""SIMD"": 4}}}",/home/arthurely/Desktop/finn/hara/builds/run_2025-04-26_15-24-28/t2w4_run4_40_BOTH,"{""Total LUTs"": 21280.0, ""FFs"": 42560.0, ""BRAM (36k)"": 56.0, ""DSP Blocks"": 88.0}",14676,13798,182,696,18067,11,1,74850.2994011976,ConvolutionInputGenerator_rtl_2
2025-04-26 16:09:52,t2w4_run5_40_BOTH,success,536.96,"{""Defaults"": {}, ""StreamingFIFO_rtl_0"": {}, ""FMPadding_rtl_0"": {""SIMD"": 4}, ""StreamingFIFO_rtl_1"": {}, ""StreamingDataWidthConverter_rtl_0"": {}, ""StreamingFIFO_rtl_2"": {}, ""ConvolutionInputGenerator_rtl_0"": {""SIMD"": 4, ""parallel_window"": 1}, ""StreamingFIFO_rtl_3"": {}, ""MVAU_hls_0"": {""PE"": 4, ""SIMD"": 36}, ""StreamingFIFO_rtl_4"": {}, ""StreamingDataWidthConverter_rtl_1"": {}, ""StreamingFIFO_rtl_5"": {}, ""FMPadding_rtl_1"": {""SIMD"": 4}, ""StreamingFIFO_rtl_6"": {}, ""StreamingDataWidthConverter_rtl_2"": {}, ""StreamingFIFO_rtl_7"": {}, ""ConvolutionInputGenerator_rtl_1"": {""SIMD"": 8, ""parallel_window"": 0}, ""StreamingFIFO_rtl_8"": {}, ""StreamingDataWidthConverter_hls_0"": {}, ""StreamingFIFO_rtl_9"": {}, ""MVAU_hls_1"": {""PE"": 2, ""SIMD"": 36}, ""StreamingFIFO_rtl_10"": {}, ""FMPadding_rtl_2"": {""SIMD"": 1}, ""StreamingFIFO_rtl_11"": {}, ""ConvolutionInputGenerator_rtl_2"": {""SIMD"": 2, ""parallel_window"": 0}, ""StreamingFIFO_rtl_12"": {}, ""StreamingDataWidthConverter_rtl_3"": {}, ""StreamingFIFO_rtl_13"": {}, ""MVAU_hls_2"": {""PE"": 1, ""SIMD"": 18}, ""StreamingFIFO_rtl_14"": {}, ""FMPadding_rtl_3"": {""SIMD"": 1}, ""StreamingFIFO_rtl_15"": {}, ""ConvolutionInputGenerator_rtl_3"": {""SIMD"": 1, ""parallel_window"": 0}, ""StreamingFIFO_rtl_16"": {}, ""StreamingDataWidthConverter_rtl_4"": {}, ""StreamingFIFO_rtl_17"": {}, ""MVAU_hls_3"": {""PE"": 1, ""SIMD"": 4}, ""StreamingFIFO_rtl_18"": {}, ""MVAU_rtl_0"": {""PE"": 1, ""SIMD"": 1}, ""StreamingFIFO_rtl_19"": {}, ""LabelSelect_hls_0"": {""PE"": 1}, ""StreamingFIFO_rtl_20"": {}}","{""ConvolutionInputGenerator_rtl_2"": {""from"": {""SIMD"": 1, ""parallel_window"": 0}, ""to"": {""SIMD"": 2, ""parallel_window"": 0}}}",/home/arthurely/Desktop/finn/hara/builds/run_2025-04-26_15-24-28/t2w4_run5_40_BOTH,"{""Total LUTs"": 21280.0, ""FFs"": 42560.0, ""BRAM (36k)"": 56.0, ""DSP Blocks"": 88.0}",14753,13805,188,760,18040,11,1,77160.4938271605,FMPadding_rtl_1
2025-04-26 16:18:48,t2w4_run6_40_BOTH,success,533.89,"{""Defaults"": {}, ""StreamingFIFO_rtl_0"": {}, ""FMPadding_rtl_0"": {""SIMD"": 4}, ""StreamingFIFO_rtl_1"": {}, ""StreamingDataWidthConverter_rtl_0"": {}, ""StreamingFIFO_rtl_2"": {}, ""ConvolutionInputGenerator_rtl_0"": {""SIMD"": 4, ""parallel_window"": 1}, ""StreamingFIFO_rtl_3"": {}, ""MVAU_hls_0"": {""PE"": 4, ""SIMD"": 36}, ""StreamingFIFO_rtl_4"": {}, ""StreamingDataWidthConverter_rtl_1"": {}, ""StreamingFIFO_rtl_5"": {}, ""FMPadding_rtl_1"": {""SIMD"": 8}, ""StreamingFIFO_rtl_6"": {}, ""StreamingDataWidthConverter_rtl_2"": {}, ""StreamingFIFO_rtl_7"": {}, ""ConvolutionInputGenerator_rtl_1"": {""SIMD"": 8, ""parallel_window"": 0}, ""StreamingFIFO_rtl_8"": {}, ""StreamingDataWidthConverter_hls_0"": {}, ""StreamingFIFO_rtl_9"": {}, ""MVAU_hls_1"": {""PE"": 2, ""SIMD"": 36}, ""StreamingFIFO_rtl_10"": {}, ""FMPadding_rtl_2"": {""SIMD"": 1}, ""StreamingFIFO_rtl_11"": {}, ""ConvolutionInputGenerator_rtl_2"": {""SIMD"": 2, ""parallel_window"": 0}, ""StreamingFIFO_rtl_12"": {}, ""StreamingDataWidthConverter_rtl_3"": {}, ""StreamingFIFO_rtl_13"": {}, ""MVAU_hls_2"": {""PE"": 1, ""SIMD"": 18}, ""StreamingFIFO_rtl_14"": {}, ""FMPadding_rtl_3"": {""SIMD"": 1}, ""StreamingFIFO_rtl_15"": {}, ""ConvolutionInputGenerator_rtl_3"": {""SIMD"": 1, ""parallel_window"": 0}, ""StreamingFIFO_rtl_16"": {}, ""StreamingDataWidthConverter_rtl_4"": {}, ""StreamingFIFO_rtl_17"": {}, ""MVAU_hls_3"": {""PE"": 1, ""SIMD"": 4}, ""StreamingFIFO_rtl_18"": {}, ""MVAU_rtl_0"": {""PE"": 1, ""SIMD"": 1}, ""StreamingFIFO_rtl_19"": {}, ""LabelSelect_hls_0"": {""PE"": 1}, ""StreamingFIFO_rtl_20"": {}}","{""FMPadding_rtl_1"": {""from"": {""SIMD"": 4}, ""to"": {""SIMD"": 8}}}",/home/arthurely/Desktop/finn/hara/builds/run_2025-04-26_15-24-28/t2w4_run6_40_BOTH,"{""Total LUTs"": 21280.0, ""FFs"": 42560.0, ""BRAM (36k)"": 56.0, ""DSP Blocks"": 88.0}",14728,13804,188,736,18107,11,1,81300.8130081301,ConvolutionInputGenerator_rtl_1
2025-04-26 16:27:58,t2w4_run7_40_BOTH,final,548.12,"{""Defaults"": {}, ""StreamingFIFO_rtl_0"": {}, ""FMPadding_rtl_0"": {""SIMD"": 4}, ""StreamingFIFO_rtl_1"": {}, ""StreamingDataWidthConverter_rtl_0"": {}, ""StreamingFIFO_rtl_2"": {}, ""ConvolutionInputGenerator_rtl_0"": {""SIMD"": 4, ""parallel_window"": 1}, ""StreamingFIFO_rtl_3"": {}, ""MVAU_hls_0"": {""PE"": 4, ""SIMD"": 36}, ""StreamingFIFO_rtl_4"": {}, ""StreamingDataWidthConverter_rtl_1"": {}, ""StreamingFIFO_rtl_5"": {}, ""FMPadding_rtl_1"": {""SIMD"": 8}, ""StreamingFIFO_rtl_6"": {}, ""StreamingDataWidthConverter_rtl_2"": {}, ""StreamingFIFO_rtl_7"": {}, ""ConvolutionInputGenerator_rtl_1"": {""SIMD"": 16, ""parallel_window"": 0}, ""StreamingFIFO_rtl_8"": {}, ""StreamingDataWidthConverter_hls_0"": {}, ""StreamingFIFO_rtl_9"": {}, ""MVAU_hls_1"": {""PE"": 2, ""SIMD"": 36}, ""StreamingFIFO_rtl_10"": {}, ""FMPadding_rtl_2"": {""SIMD"": 1}, ""StreamingFIFO_rtl_11"": {}, ""ConvolutionInputGenerator_rtl_2"": {""SIMD"": 2, ""parallel_window"": 0}, ""StreamingFIFO_rtl_12"": {}, ""StreamingDataWidthConverter_rtl_3"": {}, ""StreamingFIFO_rtl_13"": {}, ""MVAU_hls_2"": {""PE"": 1, ""SIMD"": 18}, ""StreamingFIFO_rtl_14"": {}, ""FMPadding_rtl_3"": {""SIMD"": 1}, ""StreamingFIFO_rtl_15"": {}, ""ConvolutionInputGenerator_rtl_3"": {""SIMD"": 1, ""parallel_window"": 0}, ""StreamingFIFO_rtl_16"": {}, ""StreamingDataWidthConverter_rtl_4"": {}, ""StreamingFIFO_rtl_17"": {}, ""MVAU_hls_3"": {""PE"": 1, ""SIMD"": 4}, ""StreamingFIFO_rtl_18"": {}, ""MVAU_rtl_0"": {""PE"": 1, ""SIMD"": 1}, ""StreamingFIFO_rtl_19"": {}, ""LabelSelect_hls_0"": {""PE"": 1}, ""StreamingFIFO_rtl_20"": {}}","{""ConvolutionInputGenerator_rtl_1"": {""from"": {""SIMD"": 8, ""parallel_window"": 0}, ""to"": {""SIMD"": 16, ""parallel_window"": 0}}}",/home/arthurely/Desktop/finn/hara/builds/run_2025-04-26_15-24-28/t2w4_run7_40_BOTH,"{""Total LUTs"": 21280.0, ""FFs"": 42560.0, ""BRAM (36k)"": 56.0, ""DSP Blocks"": 88.0}",15213,14235,186,792,19825,11,1,86355.7858376511,ConvolutionInputGenerator_rtl_0
2025-04-26 16:27:58,t2w4_run7_60_BOTH,success,0,"{""Defaults"": {}, ""StreamingFIFO_rtl_0"": {}, ""FMPadding_rtl_0"": {""SIMD"": 4}, ""StreamingFIFO_rtl_1"": {}, ""StreamingDataWidthConverter_rtl_0"": {}, ""StreamingFIFO_rtl_2"": {}, ""ConvolutionInputGenerator_rtl_0"": {""SIMD"": 4, ""parallel_window"": 1}, ""StreamingFIFO_rtl_3"": {}, ""MVAU_hls_0"": {""PE"": 4, ""SIMD"": 36}, ""StreamingFIFO_rtl_4"": {}, ""StreamingDataWidthConverter_rtl_1"": {}, ""StreamingFIFO_rtl_5"": {}, ""FMPadding_rtl_1"": {""SIMD"": 8}, ""StreamingFIFO_rtl_6"": {}, ""StreamingDataWidthConverter_rtl_2"": {}, ""StreamingFIFO_rtl_7"": {}, ""ConvolutionInputGenerator_rtl_1"": {""SIMD"": 16, ""parallel_window"": 0}, ""StreamingFIFO_rtl_8"": {}, ""StreamingDataWidthConverter_hls_0"": {}, ""StreamingFIFO_rtl_9"": {}, ""MVAU_hls_1"": {""PE"": 2, ""SIMD"": 36}, ""StreamingFIFO_rtl_10"": {}, ""FMPadding_rtl_2"": {""SIMD"": 1}, ""StreamingFIFO_rtl_11"": {}, ""ConvolutionInputGenerator_rtl_2"": {""SIMD"": 2, ""parallel_window"": 0}, ""StreamingFIFO_rtl_12"": {}, ""StreamingDataWidthConverter_rtl_3"": {}, ""StreamingFIFO_rtl_13"": {}, ""MVAU_hls_2"": {""PE"": 1, ""SIMD"": 18}, ""StreamingFIFO_rtl_14"": {}, ""FMPadding_rtl_3"": {""SIMD"": 1}, ""StreamingFIFO_rtl_15"": {}, ""ConvolutionInputGenerator_rtl_3"": {""SIMD"": 1, ""parallel_window"": 0}, ""StreamingFIFO_rtl_16"": {}, ""StreamingDataWidthConverter_rtl_4"": {}, ""StreamingFIFO_rtl_17"": {}, ""MVAU_hls_3"": {""PE"": 1, ""SIMD"": 4}, ""StreamingFIFO_rtl_18"": {}, ""MVAU_rtl_0"": {""PE"": 1, ""SIMD"": 1}, ""StreamingFIFO_rtl_19"": {}, ""LabelSelect_hls_0"": {""PE"": 1}, ""StreamingFIFO_rtl_20"": {}}","{""ConvolutionInputGenerator_rtl_1"": {""from"": {""SIMD"": 8, ""parallel_window"": 0}, ""to"": {""SIMD"": 16, ""parallel_window"": 0}}}",/home/arthurely/Desktop/finn/hara/builds/run_2025-04-26_15-24-28/t2w4_run7_40_BOTH,"{'Total LUTs': 31920.0, 'FFs': 63840.0, 'BRAM (36k)': 84.0, 'DSP Blocks': 132.0}",15213,14235,186,792,19825,11,1,86355.7858376511,ConvolutionInputGenerator_rtl_0
2025-04-26 16:27:58,t2w4_run7_80_BOTH,final,0,"{""Defaults"": {}, ""StreamingFIFO_rtl_0"": {}, ""FMPadding_rtl_0"": {""SIMD"": 4}, ""StreamingFIFO_rtl_1"": {}, ""StreamingDataWidthConverter_rtl_0"": {}, ""StreamingFIFO_rtl_2"": {}, ""ConvolutionInputGenerator_rtl_0"": {""SIMD"": 4, ""parallel_window"": 1}, ""StreamingFIFO_rtl_3"": {}, ""MVAU_hls_0"": {""PE"": 4, ""SIMD"": 36}, ""StreamingFIFO_rtl_4"": {}, ""StreamingDataWidthConverter_rtl_1"": {}, ""StreamingFIFO_rtl_5"": {}, ""FMPadding_rtl_1"": {""SIMD"": 8}, ""StreamingFIFO_rtl_6"": {}, ""StreamingDataWidthConverter_rtl_2"": {}, ""StreamingFIFO_rtl_7"": {}, ""ConvolutionInputGenerator_rtl_1"": {""SIMD"": 16, ""parallel_window"": 0}, ""StreamingFIFO_rtl_8"": {}, ""StreamingDataWidthConverter_hls_0"": {}, ""StreamingFIFO_rtl_9"": {}, ""MVAU_hls_1"": {""PE"": 2, ""SIMD"": 36}, ""StreamingFIFO_rtl_10"": {}, ""FMPadding_rtl_2"": {""SIMD"": 1}, ""StreamingFIFO_rtl_11"": {}, ""ConvolutionInputGenerator_rtl_2"": {""SIMD"": 2, ""parallel_window"": 0}, ""StreamingFIFO_rtl_12"": {}, ""StreamingDataWidthConverter_rtl_3"": {}, ""StreamingFIFO_rtl_13"": {}, ""MVAU_hls_2"": {""PE"": 1, ""SIMD"": 18}, ""StreamingFIFO_rtl_14"": {}, ""FMPadding_rtl_3"": {""SIMD"": 1}, ""StreamingFIFO_rtl_15"": {}, ""ConvolutionInputGenerator_rtl_3"": {""SIMD"": 1, ""parallel_window"": 0}, ""StreamingFIFO_rtl_16"": {}, ""StreamingDataWidthConverter_rtl_4"": {}, ""StreamingFIFO_rtl_17"": {}, ""MVAU_hls_3"": {""PE"": 1, ""SIMD"": 4}, ""StreamingFIFO_rtl_18"": {}, ""MVAU_rtl_0"": {""PE"": 1, ""SIMD"": 1}, ""StreamingFIFO_rtl_19"": {}, ""LabelSelect_hls_0"": {""PE"": 1}, ""StreamingFIFO_rtl_20"": {}}","{""ConvolutionInputGenerator_rtl_1"": {""from"": {""SIMD"": 8, ""parallel_window"": 0}, ""to"": {""SIMD"": 16, ""parallel_window"": 0}}}",/home/arthurely/Desktop/finn/hara/builds/run_2025-04-26_15-24-28/t2w4_run7_40_BOTH,"{'Total LUTs': 42560.0, 'FFs': 85120.0, 'BRAM (36k)': 112.0, 'DSP Blocks': 176.0}",15213,14235,186,792,19825,11,1,86355.7858376511,ConvolutionInputGenerator_rtl_0
